tableA_id,tableA_Beer_Name,tableA_Brew_Factory_Name,tableA_Style,tableA_ABV,tableB_id,tableB_Beer_Name,tableB_Brew_Factory_Name,tableB_Style,tableB_ABV,label
2504,Echo Amber ( Altbier ),Echo Brewpub & Pizzeria,American Amber / Red Ale,5.20 %,275,Goldstone Old Charmer,Goldstone,Golden Ale/Blond Ale,4.10 %,0
61,Dark Horse Amber Ale,Dark Horse Brewing Company,American Amber / Red Ale,5.50 %,2710,Dark Horse Amber Ale,Dark Horse Brewing Company,Amber Ale,5.50 %,1
401,Leavenworth Oktoberfest Celebration Ale,Fish Brewing Company / Fishbowl Brewpub,American Amber / Red Ale,5.50 %,1818,Deschutes Fadeaway Amber Ale,Deschutes Brewery,Amber Ale,6.50 %,0
53,Pursuit Of Hoppiness,Grand Teton Brewing Co. .,American Amber / Red Ale,8.50 %,867,7venth Sun Ruby Red Overhead IPA,7venth Sun Brewery,India Pale Ale &#40; IPA &#41;,6.30 %,0
1522,Radeau Red Ale,Cooper 's Cave Ale Company,American Amber / Red Ale,5.50 %,467,Coopers Cave Radeau Red Ale,Coopers Cave Ale Company,Irish Ale,-,1
2071,Arlington Amber Ale,The Brewer 's Cabinet,American Amber / Red Ale,6.40 %,65,8th Wonder Coffee Mocha Feight,8th Wonder Brewery,Amber Ale,-,0
1032,Roll Cage Red,Motorworks Brewing,American Amber / Red Ale,6.50 %,2959,Frankenmuth Old Detroit Amber Ale,Frankenmuth Brewery,Amber Ale,-,0
1203,Glutenberg 8,Brasseurs Sans Gluten,American Amber / Red Ale,5.00 %,2810,Texas Ale Project Fire Ant Funeral,Texas Ale Project,Amber Ale,6 %,0
2514,Archtop Amber,12 String Brewing Company,American Amber / Red Ale,5.50 %,1325,Berthoud Switch Track Amber,Berthoud Brewing Company,Amber Ale,5.50 %,0
3269,Main Seidla Amber Spezial,Brauhaus Binkert GmbH & Co. . KG,American Amber / Red Ale,5.90 %,1767,Siren Liquid Mistress,Siren,Amber Ale,5.80 %,0
42,Kingpin Double Red Ale,BridgePort Brewing Co. / Brewpub,American Amber / Red Ale,7.50 %,2542,Acadian Farms India Red Ale &#40; IRA &#41;,Acadian Farms & Brewery,India Pale Ale &#40; IPA &#41;,6.90 %,0
1945,Lowland Glen Amber ( Marks & Spencer ),Harviestoun Brewery Ltd. .,American Amber / Red Ale,5.10 %,1275,Canal Park General Sterling Price American Amber Ale - Centennial,Canal Park Brewing Company,Amber Ale,4.80 %,0
1440,First Flight Amber Ale,Flyers Restaurant And Brewery,American Amber / Red Ale,4.50 %,2972,GoodLife Redside India Red Ale,GoodLife Brewing Company,India Pale Ale &#40; IPA &#41;,6 %,0
3382,Red Earl Ruby Ale,Pokertree Brewing Co,American Amber / Red Ale,5.50 %,1468,Charleston Brewing Forever Amber,Charleston Brewing Company &#40; WV &#41;,Amber Ale,5.60 %,0
1393,Hop Test # 1 ( Ginger Red Ale ),Al 's of Hampden / Pizza Boy Brewing,American Amber / Red Ale,7.80 %,1852,Dieu du Ciel Clef des Champs,Dieu du Ciel,Traditional Ale,5 %,0
4104,Kickin ' Chicken Bourbon Barrel Barley Wine,Santa Fe Brewing Company,American Barleywine,12.00 %,2356,Black Raven Old Birdbrain Barleywine,Black Raven Brewing,Barley Wine,12.20 %,0
666,Boot Tread,Brouwerij Martens NV,American Amber / Red Ale,5.00 %,2030,Bressene,Brasserie Grain d_Orge,Belgian Strong Ale,8 %,0
2175,Cow Catcher Red,Mountain Town Station Brewing Co. & Steakhouse,American Amber / Red Ale,-,996,Mountain Town Cow Catcher Red Ale,Mountain Town Brewing Company,Amber Ale,5.80 %,1
1922,Amarillo Amber Ale,4 Noses Brewing Company,American Amber / Red Ale,6.30 %,647,Breakside Hoppy Amber,Breakside Brewery,Amber Ale,4.70 %,0
489,Yebisu Kohaku,Sapporo Breweries Ltd. .,American Amber / Red Ale,5.50 %,1739,Rock Bottom Chicago My-O-My Amber Rye,Rock Bottom Chicago,Specialty Grain,5.50 %,0
1897,Devil 's Path,El Segundo Brewing Company,American Amber / Red Ale,8.90 %,206,Imperial Oak Roil Red,Imperial Oak Brewing,Amber Ale,6.20 %,0
4267,Captain Swing,Hopfenstark,American Barleywine,9.00 %,525,BS Brewing College Chronic,BS Brewing,American Strong Ale,7.50 %,0
3067,The Crimson,RemmarlÃ ¶ v GÃ ¥ rdsbryggeri,American Amber / Red Ale,5.60 %,1064,10 Barrel Rude Boy Rye,10 Barrel Brewing &#40; AB InBev &#41;,Specialty Grain,4.90 %,0
1966,Juldricka,Dugges Ale - & Porterbryggeri AB,American Amber / Red Ale,5.50 %,2072,Amsterdam Session Stout,Amsterdam Brewing Company,Stout,5 %,0
1143,Southern Delight,Coastal Empire Beer Co. .,American Amber / Red Ale,7.60 %,1687,Lighthouse Race Rocks Ale,Lighthouse Brewing &#40; Canada &#41;,Amber Ale,5.20 %,0
27,Red Wheelbarrow,Maine Beer Company,American Amber / Red Ale,7.00 %,626,Alandale Unfiltered Wheat,Kirkwood Station Brewing Company,German Hefeweizen,-,0
1505,A Precarious Proposal,Timeless Pints Brewing Company,American Amber / Red Ale,5.20 %,515,Loowit Two-Sixteen Red Ale,Loowit Brewing Company,Amber Ale,-,0
2357,Scary Monster,Black Market Brewing Co. .,American Amber / Red Ale,8.50 %,401,Sun King Bring The Hops,Sun King Brewing Company,India Pale Ale &#40; IPA &#41;,7 %,0
3597,Amberdelic,The Damascus Brewery,American Amber / Red Ale,4.80 %,26,Blue Elephant Red Devil,Blue Elephant Craft Brew House,Amber Ale,5.10 %,0
1703,Dry Hopped G'Knight,Oskar Blues Grill & Brew,American Amber / Red Ale,8.70 %,1741,Free State The Vortex Red,Free State Brewing Company,Amber Ale,6.10 %,0
786,Rowdy Dick Amber,Engine House No. 9,American Amber / Red Ale,-,1416,Cool Springs MorningWood Red Ale,Cool Springs Brewing Company,Amber Ale,-,0
2867,Red Curry Ale,Hideout Brewing Company,American Amber / Red Ale,5.50 %,1493,Hideout Red Curry Ale,The Hideout Brewing Company,Amber Ale,-,1
1751,Diable,La Diable,American Amber / Red Ale,4.00 %,1186,Get Well Amarillo Sunrise Amber Ale,Get Well,Amber Ale,-,0
3524,Ant Ray Cow Pants,Oliphant Brewing,American Amber / Red Ale,7.30 %,2135,Blackwater Art Deco,Salopian,Golden Ale/Blond Ale,4.20 %,0
986,Waves Of Grain,The LAB ( Lexington Avenue Brewery ),American Amber / Red Ale,5.50 %,2810,Texas Ale Project Fire Ant Funeral,Texas Ale Project,Amber Ale,6 %,0
3520,Devil 's Bath,ManRock Brewing Company,American Amber / Red Ale,8.00 %,2606,Cigar City Sertoma Smoke,Cigar City Brewing,Amber Ale,5 %,0
1785,Tabula Rasa,The Able Ebenezer Brewing Company,American Amber / Red Ale,7.50 %,1429,Red Eye Black Eye 4 - El Tormento,Red Eye Brewing Company,American Strong Ale,8.90 %,0
3210,Freedom Soho Red,Freedom Brewery Ltd,American Amber / Red Ale,4.70 %,1737,Freedom Soho Red,Freedom,Amber Lager/Vienna,4.70 %,1
3451,Hit Me American Red,Renegade Brewing Company,American Amber / Red Ale,6.50 %,747,Boulder Beer Sundance Amber Ale,Boulder Beer Company,Amber Ale,4.85 %,0
1842,Heatwave Red Ale,La Quinta Brewing Co. .,American Amber / Red Ale,6.00 %,737,La Quinta Brewing Co. . Heatwave Red Ale,La Quinta Brewing Co. .,Amber Ale,6 %,1
1118,Iron Mike 's Amber Ale,Jacob Leinenkugel Brewing Company,American Amber / Red Ale,-,2016,Roulier Lamarieuse,Brasserie de Roulier,Amber Ale,5.40 %,0
1411,Winter Amber Ale,Hops Grillhouse & Brewery,American Amber / Red Ale,-,1050,BandWagon North by Northwest,BandWagon Brewpub,Amber Ale,5.30 %,0
3523,Jubilee Session Amber,Sycamore Brewing,American Amber / Red Ale,4.30 %,1343,Adirondack British Red,Adirondack Pub and Brewery,Irish Ale,4.80 %,0
2031,Tall Rev Red,Manitou Brewing Co. .,American Amber / Red Ale,6.70 %,407,Pecan Street Ten Penny Nail,Pecan Street Brewing,Scottish Ale,-,0
1890,Thunderhead Ale,The Native Brewing Co. .,American Amber / Red Ale,5.20 %,484,Bare Bones Tiber River Red,Bare Bones Grill & Brewery,Amber Ale,5.25 %,0
3440,Apricadamnbeer,Backshore Brewing Company,American Amber / Red Ale,5.70 %,2312,Great Divide Old Ruffian - Barrel Aged,Great Divide Brewing Company,Barley Wine,11.80 %,0
904,Buoy NW Red Ale,Buoy Beer Company,American Amber / Red Ale,6.70 %,1227,Big Storm Wavemaker Amber Ale,Big Storm Brewing Company,Amber Ale,5.80 %,0
2449,Butter Pecan,Greenbush Brewing Company,American Amber / Red Ale,-,2779,Faction Red,Faction Brewing,Amber Ale,5.60 %,0
417,Copperhead Red,The Brew Kettle Taproom & Smokehouse / Production Works,American Amber / Red Ale,5.00 %,1686,Olivers Shot Down in Flames,Oliver Breweries,English Strong Ale,8 %,0
962,Boomer 's Canadian Red Ale,Howe Sound Inn & Brewing Company,American Amber / Red Ale,5.00 %,704,Bacchus / Burrow Bloodhound Blood Red IPA,Bacchus Brewing Company &#40; Australia &#41;,India Pale Ale &#40; IPA &#41;,6 %,0
479,Vicious Circle Amber Ale,Fish Brewing Company / Fishbowl Brewpub,American Amber / Red Ale,5.00 %,2626,Costa Rica_s Segua Red Ale,Costa Rica_s Craft Brewing Co. .,Irish Ale,5 %,0
1105,Quills Karoo Red,Porcupine Quill Micro Brewery and Deli,American Amber / Red Ale,5.50 %,1296,Medusa Island of Misfit Hops # 1,Medusa Brewing Company,Amber Ale,7.40 %,0
2007,Bushfire American Red,Granite Falls Brewing Co. .,American Amber / Red Ale,5.00 %,203,Granite Falls Bushfire American Red Ale,Granite Falls Brewing Company,Amber Ale,5 %,1
2851,United Red Ale,Two Brothers Brewing Company,American Amber / Red Ale,4.80 %,152,Cucamonga Jacked Up Red,Cucamonga Brewing Company,American Strong Ale,8 %,0
3334,Hoppy Hour Amber,Skull Camp Brewing,American Amber / Red Ale,5.90 %,166,Kassiks Orion_s Quest Red Ale,Kassiks Brewery,Amber Ale,6.80 %,0
626,Vlimeuse,Micro-brasserie Saint-Arnould,American Amber / Red Ale,6.20 %,2455,Sockeye Old Devils Tooth Barleywine,Sockeye Brewing,Barley Wine,10.30 %,0
2510,The Spirit Of The 90 's ( 2015 Symposium Ale ),Hopworks Urban Brewery,American Amber / Red Ale,5.50 %,183,Bog Iron Slap Happy Rye Amber,Bog Iron Brewing,Amber Ale,5.80 %,0
3904,Rousse Classique,La Barberie,American Amber / Red Ale,5.00 %,1027,Beaver Island Fabulous Armadillo Session IPA,Beaver Island Brewing Company,Session IPA,4.70 %,0
147,Happy Amber,MadTree Brewing,American Amber / Red Ale,6.00 %,200,JoBoy_s Manheim Red,JoBoy_s Brew Pub,Amber Ale,5.20 %,0
1242,Santa Rosa Red,Anacapa Brewing Company,American Amber / Red Ale,6.25 %,2051,Wabash 503 Amber Ale,Wabash Brewing Company,Amber Ale,5.30 %,0
3891,Ryno 's,Valley Vinyards / Cellar Dweller Craft Beers,American Amber / Red Ale,5.80 %,2733,Falling Sky Reelin _ In the Oats Stout,Falling Sky Brewing,Sweet Stout,6.30 %,0
3408,King Coco,Four Sons Brewing,American Amber / Red Ale,10.00 %,482,Sebago Runabout Red Ale,Sebago Brewing Company,Amber Ale,5 %,0
1082,Arkansas Red Ale,Core Brewing & Distilling Co. .,American Amber / Red Ale,5.20 %,1917,Vice District Fire Mouth Red,Vice District Brewing Company,American Strong Ale,8.50 %,0
4311,Triton Barley Wine,DESTIHL Brewery,American Barleywine,11.50 %,263,Jumping Cow Amber Ale,August Schell Brewing Company,Amber Ale,5.50 %,0
3506,Red-Blooded American,American Brewing Company,American Amber / Red Ale,7.00 %,1279,Sandude Shades of Amber,Sandude Brewing Company,Amber Ale,5 %,0
2,Levitation Ale,Stone Brewing Co. .,American Amber / Red Ale,4.40 %,197,Kirkland Signature Amber Ale,F.X. Matt Brewing Company,Amber Ale,5.70 %,0
3381,Willoughby American Amber Ale,Willoughby Brewing,American Amber / Red Ale,4.90 %,1859,Willoughby American Amber Ale,Willoughby Brewing Co. .,Amber Ale,5.50 %,1
2552,Glorioski Amber,Discretion Brewing,American Amber / Red Ale,5.70 %,26,Blue Elephant Red Devil,Blue Elephant Craft Brew House,Amber Ale,5.10 %,0
924,5:02 Amber,Wichita Brewing Co. & Pizzeria West,American Amber / Red Ale,5.82 %,1995,Charlevoix CuvÃ © e Les Petits Brasseurs,Microbrasserie Charlevoix / Le Saint Pub,Amber Ale,5.20 %,0
31,Captain Sig 's Northwestern Ale,Rogue Ales,American Amber / Red Ale,6.20 %,434,Broken Goblet Amber Management,Broken Goblet Brewing,Amber Ale,7.10 %,0
1041,292 Ale,Lawson 's Finest Liquids,American Amber / Red Ale,5.50 %,2856,Kern River Double Dirty Hippie,Kern River Brewing,American Strong Ale,10 %,0
2744,Summertime Ale,Milwaukee Brewing Company,American Amber / Red Ale,5.50 %,864,Mash Amber,Mash Brewery &#40; Hampshire &#41;,Bitter,4.30 %,0
1856,Retread Red IPA,Whitewall Brewing Company,American Amber / Red Ale,6.40 %,2829,Olde Peninsula Sunset Red,Olde Peninsula Brewpub and Restaurant,Amber Ale,5.75 %,0
3162,Amber The Enabler,Edge Brewing Company,American Amber / Red Ale,5.50 %,1096,Boxing Cat Firecracker Imperial Red Ale,Boxing Cat Brewery,Amber Ale,6.60 %,0
1295,Spokamber,Budge Brothers Brewery,American Amber / Red Ale,-,558,Saimaan Brewer_s Special American Red Ale,Saimaan Juomatehdas,Amber Ale,4.70 %,0
190,Peak Organic The Maple Collaboration,Peak Organic Brewing Company,American Amber / Red Ale,7.00 %,805,Peak Organic The Maple Collaboration,Shipyard Brewing Company,Amber Ale,6.70 %,1
2717,Mother Plunker,DuVig Brewing Co. .,American Amber / Red Ale,5.20 %,1911,Proof Abandoned Planet Imperial Red Ale,Proof Brewing Company,Amber Ale,7.50 %,0
1363,Amber Reign,Maui Brewing Co. .,American Amber / Red Ale,5.50 %,2030,Bressene,Brasserie Grain d_Orge,Belgian Strong Ale,8 %,0
531,Battenkill Ale,Northshire Brewery,American Amber / Red Ale,5.70 %,2947,AC Golden Colorado Native Saison,Coors Brewing Company &#40; MillerCoors &#41;,Saison,-,0
766,Witch City Red,Boston Beer Works - Canal Street,American Amber / Red Ale,-,1063,Epic Carolina,Steam Brewing Company,Amber Ale,7.20 %,0
1042,Legends Of The Bay Giant 's Tomb,Hockley Valley Brewing Co. .,American Amber / Red Ale,5.00 %,55,Legends of the Bay Giant_s Tomb,Hockley Valley Brewing & Malting Company,Amber Ale,5 %,1
1595,College Chronic,BS Brewing,American Amber / Red Ale,7.50 %,2397,Phillips Trainwreck Barley Wine,Phillips Brewing Co. .,Barley Wine,10 %,0
1518,Wrangler Red Ale,Freedom 's Edge Brewing Co. .,American Amber / Red Ale,5.00 %,752,Denver Beer American Rojo,Denver Beer Company,Premium Bitter/ESB,-,0
1747,Knife 's Edge Red ( Katahdin Red ),Ebenezer 's Brewpub / Lively Brewing Co. .,American Amber / Red Ale,-,2834,Iron Horse Loco Imperial Red,Iron Horse Brewery,American Strong Ale,7.50 %,0
1748,Rock Steady Red,The Rock Wood Fire Pizza & Brewery,American Amber / Red Ale,5.00 %,652,Acoustic Rock Steady Red Cider,Acoustic Brewing Company,Cider,6 %,1
4053,Talon - True Style Barley Wine Ale,Mendocino Brewing Company,American Barleywine,10.50 %,1002,Smog City Sabre Toothed Squirrel,Smog City Brewing,Amber Ale,5.90 %,0
1815,Desert Island Series : American Honey Amber Ale,Heavy Seas Beer,American Amber / Red Ale,4.90 %,1259,Monks CafÃ © Orange Ale 2007,Sigtuna Brygghus,Abbey Dubbel,6.80 %,0
1703,Dry Hopped G'Knight,Oskar Blues Grill & Brew,American Amber / Red Ale,8.70 %,1577,Hellbender Red Line Ale &#40; Rum Barrel &#41;,Hellbender Brewing Company,Amber Ale,6 %,0
2192,Bat Out Of Hell Red Ale,Poor House Brewing Company,American Amber / Red Ale,5.00 %,2228,Big River Riverport Traditional Ale,BRB &#40; Be Right Back - Big River &#41;,Amber Ale,5 %,0
890,Ballistic Brewing Co. - Gorgon Red Ale,Indian Wells Brewing Company,American Amber / Red Ale,5.50 %,1016,Reads Landing Cap_n Amber,Reads Landing Brewing Company,Amber Ale,5.20 %,0
600,German Valley Amber,Long Valley Pub & Brewery,American Amber / Red Ale,-,1771,4T_s Santas Sack,4T_s,Golden Ale/Blond Ale,4.20 %,0
3362,Indian Summer,Cayucos Brewing Company,American Amber / Red Ale,-,1649,TitanbrÃ $ u Rossa,TitanbrÃ $ u - Birrificio Artigianale Sammarinese,Amber Ale,7.50 %,0
3666,Secret Valley Rail Ale,The Other Farm Brewing Company,American Amber / Red Ale,5.80 %,2607,High Noon Annies Amber Ale,High Noon Saloon & Brewery,Amber Ale,5.50 %,0
2752,Cliff 's Amber,Vashon Brewing Company,American Amber / Red Ale,5.40 %,2596,Wadworth / Dungarvan Copper Coast Irish Red Ale,Wadworth,Irish Ale,4.30 %,0
1254,D'Ham Rousse,Les Brasseurs du Hameau,American Amber / Red Ale,5.50 %,950,AJ_s Ales Ruby Red,AJ_s Ales,Bitter,4.40 %,0
2508,Ruby Pogo,Three Palms Brewing Co. .,American Amber / Red Ale,7.50 %,2747,8 Wired Semiconductor Session IPA,Renaissance Brewing,Session IPA,4.40 %,0
2923,Secret Lake Amber Ale,Fallbrook Brewing Company,American Amber / Red Ale,5.60 %,169,Fair Winds Running Light Red,Fair Winds Brewing Company,Belgian Ale,6 %,0
3333,Kracken Amber Ale,Spinnakers Gastro Brewpub & Guesthouse,American Amber / Red Ale,8.00 %,1465,Rare Bird Her Name Was Amber Ale,Rare Bird Brewery,Amber Ale,4.80 %,0
7,Red Rocket Ale,Bear Republic Brewing Co. .,American Amber / Red Ale,6.80 %,555,515 Undead Red,515 Brewing Company,Spice/Herb/Vegetable,7.80 %,0
3010,La 109,Brasserie De La Loire,American Amber / Red Ale,6.00 %,219,Blue Corn &#40; Santa Fe &#41; Atalaya Amber Ale,Blue Corn Brewery &#40; Santa Fe &#41;,Amber Ale,5.20 %,0
1521,Pale Ale Rousse,Micro-Brasserie L'Alchimiste,American Amber / Red Ale,5.50 %,2848,Water Street Amber,Water Street Brewery,Amber Ale,5 %,0
1441,Arctic Amber,Rivertowne Pourhouse,American Amber / Red Ale,6.00 %,601,Saint Arnold Altared Amber,Saint Arnold Brewing Company,Belgian Ale,-,0
606,Long Face,Olde Main Brewing Co. & Restaurant,American Amber / Red Ale,5.80 %,2113,Praxis Ambar,Praxis,Amber Ale,6.20 %,0
3457,Ass Clown Salted Ginger Black Sour,Ass Clown Brewing,American Amber / Red Ale,7.10 %,1919,Little Egypt Red Ale,Carbondale Craft Beer,Amber Ale,-,0
441,Kick Back Ale,Beach Haus Brewery,American Amber / Red Ale,5.50 %,957,Cornerstone Patriot Red,Cornerstone Brewing Company,Amber Ale,5.80 %,0
1807,Session Style * Amber Ale,Bull & Barrel Brew Pub,American Amber / Red Ale,4.70 %,43,Chy_e Sierra Amber Ale,Zamecky Pivovar Chy_e,Amber Ale,5.30 %,0
710,Bell In Hand Ale,Boston Beer Company ( Samuel Adams ),American Amber / Red Ale,-,1043,1933 Dry Hopped Irish Red,1933 Brewing Company,Irish Ale,6 %,0
2676,Homefield 5,Kretschmann Brewing Company,American Amber / Red Ale,3.90 %,1477,559 Bourbon Barrel Ale &#40; BBA &#41;,W Brewing / 559 Brewing,American Strong Ale,8 %,0
2374,Kozmonaut,Marz Community Brewing,American Amber / Red Ale,6.20 %,2671,Fiddlers Green Amber,F.X. Matt Brewing Company,Amber Ale,-,0
1917,Batch 16,Pinglehead Brewing Co. / Brewer 's Pizza,American Amber / Red Ale,7.30 %,585,Rat Hole Rotation Red Ale,Rat Hole Brewing,Amber Ale,5.50 %,0
2236,D,Letra - Cerveja Artesanal Minhota,American Amber / Red Ale,6.50 %,752,Denver Beer American Rojo,Denver Beer Company,Premium Bitter/ESB,-,0
3397,BarbaRoja Floral,Cerveza Artesanal BarbaRoja,American Amber / Red Ale,-,1671,Beer & Burger No. 2 India Pale Ale,Old Town Brewery &#40; formerly Motala Brygghus &#41;,India Pale Ale &#40; IPA &#41;,6.30 %,0
2159,Ride The Hoh Red Ale,Twin Peaks Brewing & Malting Co. .,American Amber / Red Ale,-,581,HopDog BeerWorks Midgee,HopDog BeerWorks,Amber Ale,2.90 %,0
782,Broken Dial,Harviestoun Brewery Ltd. .,American Amber / Red Ale,5.00 %,1037,Franklins Anacostia Ale,Brewery & General Store,Amber Ale,5.10 %,0
2634,Dry Hopped Red Ale,Liberty Steakhouse Brewery,American Amber / Red Ale,-,32,Exile Chill Clinton Double Hemp Amber Ale,Exile Brewing Company,Spice/Herb/Vegetable,8 %,0
397,Saranac Immortality,Matt Brewing Company / Saranac Brewery,American Amber / Red Ale,7.50 %,2506,Strange Land Bishopsgate,Strange Land Brewery,Barley Wine,10.90 %,0
2078,Hoppy Amber,Tequesta Brewing Company,American Amber / Red Ale,-,112,Solvang Dansk Amber Ale,Solvang Brewing Company,Amber Ale,6.20 %,0
4320,Stow The Crows,Knee Deep Brewing Company,American Barleywine,11.00 %,453,Vancouver Island Mile High Mountain Ale,Vancouver Island Brewery,Amber Ale,5.90 %,0
1771,Wait For It !,Brouwerij De Molen,American Amber / Red Ale,5.50 %,2369,FiftyFifty Annularity,FiftyFifty Brewing Company,Barley Wine,7.50 %,0
1437,Double Red,Ice Harbor Brewing Company,American Amber / Red Ale,6.80 %,622,Suginoya Amber Ale,Suginoya Beer / Hamachi Shuzo,Amber Ale,5 %,0
1605,Brue Scarlet,BrÃ 1/4 eprint Brewing Company,American Amber / Red Ale,4.80 %,2549,21st Amendment Toaster Pastry,21st Amendment Brewery,India Pale Ale &#40; IPA &#41;,7.60 %,0
1779,Ambear Ale,Boxing Bear Brewing Co. .,American Amber / Red Ale,5.20 %,1305,Goat Ridge New London Amber Ale,Goat Ridge Brewing Company,Amber Ale,5.20 %,0
2067,Redman,Intuition Ale Works,American Amber / Red Ale,5.00 %,1442,Saranac Amber Ale,F.X. Matt Brewing Company,Amber Ale,5.60 %,0
1133,Woodcock Brothers Amber,Woodcock Brothers Brewing Company,American Amber / Red Ale,7.50 %,1831,Artzner Perle Des _ les,Artzner,Fruit Beer,7 %,0
3758,Neudorf Red Ale,Brasserie Bendorf,American Amber / Red Ale,-,2036,Black Star Co-op Pub & Brewery Truffle Dee,Black Star Co-op Pub & Brewery,Belgian Ale,6 %,0
2602,Broadhead Bourbon Barrel Aged Red,Bainbridge Island Brewing Company,American Amber / Red Ale,8.50 %,1365,Fat Head_s Busy Bee Honey Blonde Ale,Fat Head_s Brewery & Saloon,Golden Ale/Blond Ale,5.40 %,0
2007,Bushfire American Red,Granite Falls Brewing Co. .,American Amber / Red Ale,5.00 %,2306,East End Gratitude,East End Brewing Company,Barley Wine,11.50 %,0
1394,Hooligan Amber Ale,Bentley Brewing Company / Dark Horse Tavern,American Amber / Red Ale,6.00 %,358,Bentley Hooligan Amber Ale,Bentley Brewing Co. / Dark Horse Tavern,Amber Ale,6 %,1
2909,The Gentle Mongoose,Holy City Brewing,American Amber / Red Ale,6.90 %,1529,Holy City The Gentle Mongoose,Holy City Brewing,Amber Ale,6.90 %,1
3047,Hellstork DeÅ 3/4 ko 12Â °,Ko_ovnÃ 1/2 Pivovar Hellstork,American Amber / Red Ale,5.60 %,303,Triple C Imperial Smoked Amber,Triple C Brewing Company,Smoked,8.20 %,0
2844,Royal Red,The Lord Nelson Brewery Hotel,American Amber / Red Ale,4.10 %,1111,Black Iris Bleeding Heart,Black Iris,Specialty Grain,4.50 %,0
476,Barnstormer Red,Blackhorse Pub & Brewery,American Amber / Red Ale,-,2533,The Brew Gentlemen Nonstop Forever &#40; Batch 1 &#41;,The Brew Gentlemen Beer Company,Barley Wine,10.40 %,0
1545,Beazle Brew,Nail Brewing Australia Pty Ltd,American Amber / Red Ale,5.00 %,1591,Philipsburg NewlyRed Double Red,Philipsburg Brewing Company,American Strong Ale,6.90 %,0
1546,Nugget Nectar W/columbus,TrÃ ¶ egs Brewing Company,American Amber / Red Ale,7.50 %,1551,Ale Mania Imperial Red Ale,Ale Mania &#40; Fritz Ale &#41;,American Strong Ale,9.50 %,0
389,Stinky Hippie,North Country Brewing,American Amber / Red Ale,6.00 %,1999,Caledonian Marching Orders,Caledonian &#40; Heineken UK &#41;,Bitter,4.20 %,0
3766,Jack Of Clubs,Wild Card Brewery,American Amber / Red Ale,4.50 %,1606,Anacortes Creamsicle Ale,Rockfish Grill & Anacortes Brewery,Spice/Herb/Vegetable,-,0
122,Austin Amber Ale,Independence Brewing Co. .,American Amber / Red Ale,4.80 %,1476,Alpha Project British Amber,Alpha Project,Amber Ale,6 %,0
2701,Stranger Danger,Flat 12 Bierwerks,American Amber / Red Ale,-,1513,BrÃ ¸ ckhouse Amber,BrÃ ¸ ckhouse &#40; Premium Beer &#41;,Amber Ale,5.40 %,0
4341,Old Familiar Barleywine,Carolina Brewery,American Barleywine,8.30 %,2571,Gnarly Oak Hazelnut Dark,Minhas Craft Brewery,Amber Ale,5.50 %,0
1122,Maple Ale,Lefty 's Brewing Company,American Amber / Red Ale,5.00 %,2496,Pizza Port Old Boneyards Barleywine,Pizza Port &#40; Solana Beach &#41;,Barley Wine,9.80 %,0
4207,Rakish Ryewine,Drake 's Brewing Co. .,American Barleywine,11.50 %,636,All Inn Ruby Amber Ale,All Inn Brewing Co. .,Amber Ale,4.60 %,0
119,Gypsy Tears Ruby Ale,Parallel 49 Brewing Company,American Amber / Red Ale,6.00 %,2088,7 Fjell Kniksen India Red Ale,7 Fjell Bryggeri,Amber Ale,6.80 %,0
291,Oakshire Amber,Oakshire Brewing,American Amber / Red Ale,5.40 %,2285,4 Hands The Woodsman,4 Hands Brewing Company,Imperial Stout,9 %,0
2614,Killer Red Fresh Hop India Red Ale,Double Mountain Brewery & Taproom,American Amber / Red Ale,7.20 %,692,2nd Story Hoppy New Year Amber Ale,2nd Story Brewing Company,Amber Ale,5.70 %,0
1226,Red Dragon Imperial Red Ale,Dead Frog Brewing,American Amber / Red Ale,8.00 %,2481,Motor City Winter Ale,Motor City Brewing Works,American Strong Ale,8.80 %,0
1009,Cinnamon Girl,Revolver Brewing,American Amber / Red Ale,6.75 %,752,Denver Beer American Rojo,Denver Beer Company,Premium Bitter/ESB,-,0
37,Red Nectar,Humboldt Brewing Co. .,American Amber / Red Ale,5.40 %,542,Copperpoint A10 Hop Hog,Copperpoint Brewing Company,India Pale Ale &#40; IPA &#41;,6.30 %,0
1301,Hyperion Red Ale,Fogbelt Brewing Company,American Amber / Red Ale,6.00 %,233,Pisgah Ryan_s Red Ale,Pisgah Brewing Company,Irish Ale,5 %,0
4136,Patience,Fulton Beer,American Barleywine,13.20 %,461,Yukon You Only Live Once Imperial Red Ale,Yukon Brewing Company,Amber Ale,7.50 %,0
1779,Ambear Ale,Boxing Bear Brewing Co. .,American Amber / Red Ale,5.20 %,1146,3Cross Kannibaal,3Cross Brewing Company,Amber Ale,7.50 %,0
2761,Autumn Amber,Cloud 9 Brewery,American Amber / Red Ale,5.80 %,917,Rock Bottom Minneapolis Mary Jane Amber Ale,Rock Bottom Minneapolis,Amber Ale,5.70 %,0
752,Red Sea Of Cacao,Big Island Brewhaus & Tako Taco Taqueria,American Amber / Red Ale,9.00 %,2022,Legenda Pony,Legenda SÃ ¶ rf &#337; zde,Golden Ale/Blond Ale,4.50 %,0
4033,Great,Alpine Beer Company,American Barleywine,14.00 %,2519,Absolution Angel_s Demise,Absolution Brewing Company,India Pale Ale &#40; IPA &#41;,7.20 %,0
3763,Bee Transfixed Honey Amber Ale,Salty Nut Brewery,American Amber / Red Ale,-,2983,Howe Sound Boomer_s Canadian Red Ale,Howe Sound Brewing,Amber Ale,5 %,0
2606,Sons Of Anarchy Amber Ale,Sudwerk Brewing Company,American Amber / Red Ale,4.70 %,1320,Sudwerk Sons Of Anarchy Amber Ale,Sudwerk Brewing Company,Amber Ale,4.70 %,1
386,Belle Gueule Rousse,Brasseurs R.J.,American Amber / Red Ale,5.20 %,2204,Belle Gueule Rousse,Brasseurs RJ,Amber Lager/Vienna,5.20 %,1
1792,Espionage Red,The Brewing Lair,American Amber / Red Ale,7.00 %,1783,Moosehead Boundary Ale,Moosehead Brewery,Amber Ale,5.30 %,0
4225,Gaz De Course,Broue Pub Brouhaha,American Barleywine,11.00 %,544,Acoustic Ales Mosh Pit Hoppy Red Ale,Acoustic Ales Brewing Experiment,Amber Ale,6.66 %,0
2467,Lisa,J Wells Brewery,American Amber / Red Ale,6.00 %,1171,Iron Springs Anne Marie_s Amber,Iron Springs Pub and Brewery,Amber Ale,7 %,0
221,McNeill 's Firehouse Amber Ale,McNeill 's Brewery,American Amber / Red Ale,5.60 %,1741,Free State The Vortex Red,Free State Brewing Company,Amber Ale,6.10 %,0
3120,Off The Leash,Noble Rey Brewing Company,American Amber / Red Ale,6.00 %,1414,Renegade Scarlett Letter Imperial Red Ale,Renegade Brewing Company,American Strong Ale,8.50 %,0
2871,Rambler Amber,New Terrain Brewing Co,American Amber / Red Ale,6.20 %,1153,Short_s Proverbial Mind Spread,Short_s Brewing Company,Amber Ale,6.60 %,0
1485,Buck It,Black Donkey Brewing Ltd,American Amber / Red Ale,4.80 %,2234,Stilt House Weekender Amber Ale,Stilt House Brewery,Amber Ale,5.70 %,0
2034,Colleen 's Amber Ale,Hog _ ™ s Head Brewing Company,American Amber / Red Ale,5.00 %,1687,Lighthouse Race Rocks Ale,Lighthouse Brewing &#40; Canada &#41;,Amber Ale,5.20 %,0
2006,Ezra Red Ale,Bandwagon Brew Pub,American Amber / Red Ale,-,2131,American Fall Harvest Sour Ale,American Brewing Company,Sour Red/Brown,6.80 %,0
2081,Fly Trap,Oakland Brewing Company,American Amber / Red Ale,6.10 %,2482,Side Project Anabasis,Perennial Artisan Ales,Barley Wine,14 %,0
3573,De Vie,La Franche ( BiÃ ¨ re artisanale de Franche ComtÃ © ),American Amber / Red Ale,-,1207,Hoppy Ruby Slipper Ale,Hoppy Brewing Company,Amber Ale,7.10 %,0
2089,Single Hop # 3 Amber Ale W / Citra,Three Palms Brewing Co. .,American Amber / Red Ale,6.80 %,1428,Kettle House Bourbon Barrel Road Rash Imperial Red Ale,Kettle House Brewing Company,American Strong Ale,13 %,0
1580,Big Island Ginger Beer,Kona Brewing Co. .,American Amber / Red Ale,5.00 %,1832,3 Sheeps Autumnal Hoppiness Harvest Ale,3 Sheeps Brewing Company,American Strong Ale,7.20 %,0
1358,501 Red Ale,Sweet Mullets Brewing Co. .,American Amber / Red Ale,5.50 %,277,Alaskan Taku River Red,Alaskan Brewing Company,Amber Ale,-,0
1994,Sister Bad Habit,Asheville Brewing Company,American Amber / Red Ale,5.60 %,2424,Revolution Barrel Aged Institutionalized Barley Wine,Revolution Brewing Company,Barley Wine,13 %,0
3928,Liar 's Moon,Triple Rock Brewery & Alehouse,American Amber / Red Ale,4.80 %,536,Rock Bottom Ahwatukee Raptor Red,Rock Bottom Ahwatukee,Irish Ale,5.40 %,0
4191,Killdozer 12 Point Buck,Burnt Hickory Brewery,American Barleywine,13.00 %,744,Bootjesbier,Antwerpse Brouw Compagnie,Amber Ale,7 %,0
2206,Magnifica,Birra dell ` Eremo,American Amber / Red Ale,5.50 %,716,Heavy Seas Desert Island Series American Honey Amber Ale,Heavy Seas Brewing Company,Amber Ale,4.90 %,0
1456,Barbarian Red Ale,CervecerÃa Barbarian,American Amber / Red Ale,6.50 %,409,Barbarian Red Ale,CervecerÃa Barbarian,Amber Ale,6.50 %,1
3672,Copperhead,Gate City Brewing Co. .,American Amber / Red Ale,5.20 %,2998,75th Street Hoppopotamus,75th Street Brewery,American Pale Ale,-,0
2018,Vizir Lucky Luke Sexy Ale,Pivovarna in Vinska klet Vizir,American Amber / Red Ale,4.00 %,1894,Ironworks Tanglefoot Red,Ironworks Brewery and Pub,Amber Ale,7.20 %,0
2577,Daybreak,Our Brewing Co. .,American Amber / Red Ale,7.30 %,1946,At Large Alibi Amber,At Large Brewing,Amber Ale,6.30 %,0
1857,Ruby River Ruby Red Ale,Ruby River Steakhouse & Brewery,American Amber / Red Ale,4.00 %,787,Blue Owl Van Dayum &#033; Sour Red Ale,Blue Owl Brewing,Sour Red/Brown,6.10 %,0
2656,Reddish American Red Ale,CervecerÃa Robeerto,American Amber / Red Ale,5.14 %,1738,Ruosniemen Pikkupomo,Ruosniemen panimo,American Pale Ale,6 %,0
3385,Wet Hop Prohibition,Speakeasy Ales & Lagers,American Amber / Red Ale,6.10 %,2450,Albuquerque The Dukes Pale Ale,Albuquerque Brewing Company,American Pale Ale,6 %,0
276,McNeill 's Ruby Ale,McNeill 's Brewery,American Amber / Red Ale,5.70 %,2990,Brew Wharf Fire From The Top Of A Monkeys Head,Brew Wharf,Amber Ale,5.30 %,0
3552,Flamboyant 2014,Arbor Brewing Company,American Amber / Red Ale,-,2018,Hidden Springs Ginger Mullet,Hidden Springs Ale Works,Amber Ale,6.50 %,0
449,Angel Creek Amber Ale,Ruby Mountain Brewing,American Amber / Red Ale,5.00 %,0,Great Lakes Nosferatu,Great Lakes Brewing &#40; Ohio &#41;,American Strong Ale,8 %,0
649,Auburn,The Able Ebenezer Brewing Company,American Amber / Red Ale,4.50 %,2079,Backroom Holiday Market Ale - Rosemary & Orange Zest,Backroom Brewery,Spice/Herb/Vegetable,6 %,0
2278,Hurluberlue,Microbrasserie Aux Fous Brassant,American Amber / Red Ale,5.00 %,561,Lakemaid Frosty Winter Lager,Stevens Point Brewery,Premium Lager,-,0
4145,SÃ © rie Signature Barleywine AmÃ © ricain,Les Trois Mousquetaires,American Barleywine,11.70 %,872,Big Spruce Ready Yer Knot ... Regatta Red Ale,Big Spruce Brewing,Amber Ale,-,0
3079,Unite Red Rye Ale,The Pike Brewing Company,American Amber / Red Ale,4.60 %,2542,Acadian Farms India Red Ale &#40; IRA &#41;,Acadian Farms & Brewery,India Pale Ale &#40; IPA &#41;,6.90 %,0
2653,Belgian Kronik,Lagunitas Brewing Company,American Amber / Red Ale,-,2848,Water Street Amber,Water Street Brewery,Amber Ale,5 %,0
2271,North 40 WBA,Storz Trophy Room Grill & Brewery,American Amber / Red Ale,5.70 %,1640,7venth Sun / Red Light Red Light Let_s Go Halvsies,7venth Sun Brewery,Berliner Weisse,4 %,0
1553,Rapscallion Acton Ale,Rapscallion,American Amber / Red Ale,4.60 %,1663,Marthas Will_s Fault Wicked Good Beah,Marthas Exchange Restaurant and Brewing,Premium Bitter/ESB,5.30 %,0
2976,Aggie Amber Ale,De La Vega 's Pecan Grill & Brewery,American Amber / Red Ale,5.20 %,484,Bare Bones Tiber River Red,Bare Bones Grill & Brewery,Amber Ale,5.25 %,0
1751,Diable,La Diable,American Amber / Red Ale,4.00 %,2883,Three Heads Buffalo Soul Jah Imperial Red Ale,Custom Brewcrafters,American Strong Ale,9.20 %,0
3599,La Maplehurst,Microbrasserie Coaticook,American Amber / Red Ale,-,1496,Kinetic Infrared Imperial Red Ale,Kinetic Brewing Company,American Strong Ale,9.30 %,0
3014,Burley Beaver,Tree Brewing Beer Intitute,American Amber / Red Ale,7.50 %,2104,Benelux Semuta,Benelux Brasserie Artisanale,Saison,6 %,0
674,Boundary Bay Amber Ale,Boundary Bay Brewery & Bistro,American Amber / Red Ale,-,2234,Stilt House Weekender Amber Ale,Stilt House Brewery,Amber Ale,5.70 %,0
385,Flambeau Red,New Orleans Lager & Ale Brewing Company ( NOLA ),American Amber / Red Ale,5.70 %,1481,Pitchers Sunset Amber,Pitchers Brewery & Sports Shack,Amber Ale,5.50 %,0
959,Grass Fed Red,Cigar City Brewing,American Amber / Red Ale,6.00 %,1958,Appalachian Mountain Honey Badger Blonde,Appalachian Mountain Brewery,Golden Ale/Blond Ale,4.70 %,0
1905,Atomic Amber : Honey Hypothesis,Empirical Brewery,American Amber / Red Ale,6.80 %,799,Sisyphus Hoppy Amber,Sisyphus Brewing,Amber Ale,6.20 %,0
293,Arbor Brewing Red Snapper Special Bitter,Arbor Brewing Company,American Amber / Red Ale,4.90 %,186,Twelve Bar Brews Turnaround Northwest Red Ale,Twelve Bar Brews,Amber Ale,5.70 %,0
1690,Suzi 's Red Belly Ale,Bugnutty Brewing Company,American Amber / Red Ale,-,158,Sockeye Angels Perch Amber,Sockeye Brewing,Amber Ale,4.50 %,0
332,Rocco Red Ale,Bootlegger 's Brewery,American Amber / Red Ale,7.10 %,379,Sycamore Salty Coconut Red Ale,Sycamore Brewing,Amber Ale,6.50 %,0
3805,Du Parc,Helm,American Amber / Red Ale,-,1501,BullDog American Bully Amber,BullDog Brewery,Amber Ale,5 %,0
1527,Big Ass Red,The Lab Brewing Co. .,American Amber / Red Ale,6.20 %,1541,Iechyd Da Brass Band Golden Ale,Iechyd Da Brewing Company,Golden Ale/Blond Ale,5.70 %,0
1864,Dorothy Goodbody 's Country Ale,Wye Valley Brewery,American Amber / Red Ale,6.00 %,1024,Caleya Mayuca Amber,Cerveza Caleya,Amber Ale,5.70 %,0
3758,Neudorf Red Ale,Brasserie Bendorf,American Amber / Red Ale,-,2120,Bendorf Neudorf Red Ale,Bendorf,Irish Ale,6 %,1
1705,Saranac Season 's Best Amber Beer,Matt Brewing Company / Saranac Brewery,American Amber / Red Ale,-,614,SanTan 12 Daze Caramel Spiced Amber,SanTan Brewing Company,Spice/Herb/Vegetable,6.50 %,0
1667,Rotation Red Ale,Rat Hole BrewPub,American Amber / Red Ale,7.70 %,169,Fair Winds Running Light Red,Fair Winds Brewing Company,Belgian Ale,6 %,0
2319,Tst Brw 01 - Imperial Red Ale,Brouwerij De Koninck NV,American Amber / Red Ale,7.80 %,12,Red Duck Amber Ale,Purrumbete Brewing,Amber Ale,4.80 %,0
42,Kingpin Double Red Ale,BridgePort Brewing Co. / Brewpub,American Amber / Red Ale,7.50 %,2026,1516 Dark Wheat Ale,1516 Brewing Company,Wheat Ale,-,0
3244,Lil Orphan Amber,JDub 's Brewing Company,American Amber / Red Ale,4.50 %,710,Kirishima Kirinokura Amber,Kirishima Shuzo Kirinokura Brewery,Amber Ale,5 %,0
3939,Cold Water Amber,Cold Water Brewery & Grill,American Amber / Red Ale,6.00 %,2179,Sesma La Petra Tostada,Sesma Brewing,Amber Ale,5 %,0
1879,Red Eye,North Fork Brewing,American Amber / Red Ale,-,1017,Blue Monkey Monkey Wrench,Blue Monkey,Golden Ale/Blond Ale,4.60 %,0
114,River Horse Special Ale,River Horse Brewing Co. .,American Amber / Red Ale,4.50 %,1209,13 Virtues Saisonnalisa,13 Virtues Brewing Company,Saison,4.80 %,0
1432,Antler Ale,Okanagan Spring Brewery,American Amber / Red Ale,-,572,Laurelwood Fresh Hop Free Range Red &#40; Amarillo &#41;,Laurelwood Public House & Brewery,Amber Ale,6.10 %,0
343,Common Ground,The Fort Collins Brewery,American Amber / Red Ale,5.60 %,2669,Boulevard Tenpenny Ale,Boulevard Brewing Company &#40; Duvel-Moortgat &#41;,Bitter,3.30 %,0
1602,Riverside Red,Old Mill Brewery & Grill,American Amber / Red Ale,-,1666,ManRock Fear The Reaper Amber,ManRock Brewing Company,Amber Ale,6.10 %,0
254,McCarthy 's Bane,Knee Deep Brewing Company,American Amber / Red Ale,8.00 %,2626,Costa Rica_s Segua Red Ale,Costa Rica_s Craft Brewing Co. .,Irish Ale,5 %,0
190,Peak Organic The Maple Collaboration,Peak Organic Brewing Company,American Amber / Red Ale,7.00 %,571,Pints Rip Saw Red,Pints Brewing Company,Amber Ale,5.90 %,0
385,Flambeau Red,New Orleans Lager & Ale Brewing Company ( NOLA ),American Amber / Red Ale,5.70 %,2841,Blue Moon Rising Moon Spring Ale,Coors Brewing Company &#40; MillerCoors &#41;,Wheat Ale,5.60 %,0
4119,Olde Scoutter 's Barleywine,Bear Republic Brewing Co. .,American Barleywine,10.40 %,2341,Town Hall Twisted Trace,Minneapolis Town Hall Brewery,Barley Wine,10.90 %,0
3787,Local 117,The Root Cellar / London Brewing Co-op,American Amber / Red Ale,3.90 %,795,Basqueland Arraun Amber Ale,Mateo & BernabÃ ©,Amber Ale,5 %,0
3308,Lake Effect Aged Red,Lake Effect Brewing Co. .,American Amber / Red Ale,8.00 %,233,Pisgah Ryan_s Red Ale,Pisgah Brewing Company,Irish Ale,5 %,0
2558,Arrow Point Amber,Bainbridge Island Brewing Company,American Amber / Red Ale,5.40 %,1284,Bainbridge Island Arrow Point Amber,Bainbridge Island Brewing Company,Amber Ale,5.40 %,1
988,MacKenzie River Driftboat Amber,Blackfoot River Brewing Company,American Amber / Red Ale,5.50 %,1355,Sixpoint Global Warmer,Sixpoint Brewery,Amber Ale,7 %,0
3818,Alpine Mountain Amber Ale,Beer By Design,American Amber / Red Ale,5.90 %,187,Wicked Weed Wicked Tea Party,Wicked Weed Brewing,Amber Ale,4.80 %,0
1854,SBA,Prohibition Brewing Company,American Amber / Red Ale,6.00 %,367,River Horse Burnt Sugar Ale,River Horse Brewing Company,American Pale Ale,-,0
4088,Old Cellar Dweller,Driftwood Brewery,American Barleywine,11.60 %,2808,Isotopes Slammin Amber,Sierra Blanca Brewing Co,Amber Ale,-,0
4003,Red 's On Vacation,Barley John 's Brew Pub,American Amber / Red Ale,5.44 %,2284,Barley Johns Reds on Vacation,Barley Johns Brew Pub,Amber Ale,5.44 %,1
1032,Roll Cage Red,Motorworks Brewing,American Amber / Red Ale,6.50 %,817,Acoustic Ales Rock Out With Your Vienna Out,Acoustic Ales Brewing Experiment,Amber Lager/Vienna,6 %,0
3068,Conor Larkin 's Amber,Boston Beer Company ( Samuel Adams ),American Amber / Red Ale,-,980,Kern River Dirty Hippie Imperial Red Ale,Kern River Brewing,American Strong Ale,8 %,0
590,O.B. Chronic,Pizza Port Solana Beach,American Amber / Red Ale,4.70 %,2645,Eastern Shore St. Michaels Ale,Eastern Shore Brewing,Amber Ale,5 %,0
2163,Bitter Orange Blossom,I & I Brewing,American Amber / Red Ale,5.30 %,985,I & I Bitter Orange Blossom,I & I Brewing,Amber Ale,5.30 %,1
213,Odin 's Gift,Odin Brewing Company,American Amber / Red Ale,5.40 %,1846,Cottage Delight Metrognome,Staffordshire &#40; prev Leek &#41;,Premium Bitter/ESB,4.50 %,0
1235,Cardiff Chronic,Pizza Port Solana Beach,American Amber / Red Ale,-,509,Newmans Continental Drift Red Rye IPA,Celt Experience,India Pale Ale &#40; IPA &#41;,5.90 %,0
2051,Fire Roasted Amber,Wynkoop Brewing Company,American Amber / Red Ale,5.20 %,2700,Block 15 Hellion,Block 15 Brewery,Belgian Strong Ale,12.50 %,0
3528,ChlumeckÃ 1/2 Amber Ale,Brewery Lobkowicz,American Amber / Red Ale,4.90 %,2534,Laurelwood Bourbon Barrel Olde Reliable,Laurelwood Public House & Brewery,Barley Wine,-,0
3114,Red Dawn,Blackstone Restaurant & Brewery,American Amber / Red Ale,5.40 %,1509,Great Lakes Independence Ale,Great Lakes Brewing &#40; Ohio &#41;,Amber Ale,6 %,0
1815,Desert Island Series : American Honey Amber Ale,Heavy Seas Beer,American Amber / Red Ale,4.90 %,2056,Angry Chair First In A Flight,Angry Chair Brewing,Imperial IPA,9 %,0
4131,Trainwreck Organic Barleywine Style Ale,Butte Creek Brewing Company,American Barleywine,10.60 %,1034,Heartly Amber Ale Lucky Rhino,Heartly Craft Brewery,Amber Ale,5.50 %,0
1603,Swan Lake Amber Ale,Hyouko Yashiki No Mori Brewery,American Amber / Red Ale,5.00 %,414,Eight Bridges Twisted Red,Eight Bridges Brewing,Amber Ale,7 %,0
4187,Roza Reserve,Snipes Mountain Microbrewery & Restaurant,American Barleywine,9.20 %,333,Thorn Street Smugglers Cove Agave Amber Ale,Thorn Street Brewery,Amber Ale,6.20 %,0
1156,Basil,Beaver Brewing Company,American Amber / Red Ale,5.00 %,1548,Bitter Creek Red Desert Ale,Bitter Creek Brewing Company,Amber Ale,-,0
3280,A-HOAP Nitro Beluga,Pinthouse Pizza Craft Brewpub,American Amber / Red Ale,5.80 %,2011,Bellarine The Heads Ale,Bellarine Brewing Company,Irish Ale,5.20 %,0
2507,Scraps,Birdsview Brewing Company,American Amber / Red Ale,-,2623,Squatters Emigration Amber Ale,Squatters Craft Beers,Amber Ale,4 %,0
413,Extra Red,Ritual Brewing Co. .,American Amber / Red Ale,6.50 %,2953,Intracoastal This is Americ_Ale _,Intracoastal Brewing Company,American Pale Ale,5 %,0
2181,Goliath,BJ 's Chicago Pizza & Brewery Inc. .,American Amber / Red Ale,5.20 %,1490,Frankenmuth Christmas Town Ale,Frankenmuth Brewery,Brown Ale,6 %,0
2856,Y. Market Craft Heart Red,Y. Market Brewing,American Amber / Red Ale,5.50 %,114,Adirondack Bobcat Blonde Lager,Adirondack Pub and Brewery,Golden Ale/Blond Ale,3.80 %,0
688,Gypsy Red,Crooked Ladder Brewing Company,American Amber / Red Ale,5.00 %,2623,Squatters Emigration Amber Ale,Squatters Craft Beers,Amber Ale,4 %,0
3100,Loki 's Folly,Sidhe Brewing Company,American Amber / Red Ale,6.50 %,2275,Maldita Old Continent American Amber Ale,Faustino Microcervejeira,Amber Ale,6 %,0
1145,Big & Tall # 2,Blue Pants Brewery,American Amber / Red Ale,8.80 %,386,Moxies Big Life Amber Ale,Big Rock Brewery,Amber Ale,5 %,0
360,Moon Gun,DuClaw Brewing Company,American Amber / Red Ale,5.00 %,485,Nail Beazle Brew,Nail Brewing Australia,Amber Ale,5 %,0
1590,Semper Fi,Firehouse Brewing Co. .,American Amber / Red Ale,6.00 %,571,Pints Rip Saw Red,Pints Brewing Company,Amber Ale,5.90 %,0
3254,Gallows Hill Amber Ale,Two Rivers Brewing Company,American Amber / Red Ale,5.30 %,1913,Ass Clown Salted Ginger Black Sour,Ass Clown Brewing Company,Sour/Wild Ale,7.10 %,0
747,Red Barchetta,Green Man Brewery,American Amber / Red Ale,7.10 %,251,75th Street Red Eye Rye,75th Street Brewery,Specialty Grain,5.50 %,0
807,AMPLIFIED Amber Ale,Great Rhythm Brewing Company,American Amber / Red Ale,5.00 %,667,Akishika Junmai Gingo Namazake,Akishika Shuzo,SakÃ © - NamasakÃ ©,15.50 %,0
466,Steep Trail Amber Ale,Black Diamond Brewing Co. .,American Amber / Red Ale,5.70 %,1375,Wavelength Redshift Red Ale,Wavelength Brewing Company,Amber Ale,7 %,0
418,Strada S. Felice,Grado Plato,American Amber / Red Ale,8.00 %,81,Big Bear Grizzly Red Ale,Big Bear Brewing Company,Amber Ale,5.80 %,0
1052,Kettle Valley Amber Ale,The Tin Whistle Brewing Company,American Amber / Red Ale,5.00 %,1553,Fountain City Prairie Moon Red,Grays Brewing Company,Amber Ale,-,0
4,TrÃ ¶ egs Hopback Amber Ale,TrÃ ¶ egs Brewing Company,American Amber / Red Ale,6.00 %,2498,Crabtree Woody B. Barley Wine Ale,Crabtree Brewing Company,Barley Wine,12 %,0
3710,Road Trip,Nomad Brewing Company,American Amber / Red Ale,4.80 %,971,Full Sail Nugget Special Red Ale,Full Sail Brewing Company,Amber Ale,6.50 %,0
271,Real McCoy Amber Ale,Mammoth Brewing Company,American Amber / Red Ale,4.50 %,1410,Mammoth Real McCoy Amber Ale,Mammoth Brewing Company,Altbier,4.50 %,1
3821,Amarillo Amber,Eastwood Brewing Co. .,American Amber / Red Ale,6.50 %,977,Barley Macca Meda,Birrificio Barley,Amber Ale,7.80 %,0
982,Sanibel Red Island Ale,Point Ybel Brewing Company,American Amber / Red Ale,5.60 %,2999,Point Ybel Sanibel Red Island Ale,Point Ybel Brewing Company,Irish Ale,5.60 %,1
2347,Skunk Train Red Ale,Track 7 Brewing Co. .,American Amber / Red Ale,5.70 %,1269,White Gypsy Emerald Irish Pale Ale,White Gypsy &#40; Shelta Beer Co &#41;,Golden Ale/Blond Ale,5 %,0
784,Ambler,Phantom Carriage,American Amber / Red Ale,4.70 %,1580,Camino del Sol Cerveza Artesanal Red Llama Ale,Camino del Sol Cerveza Artesanal,Amber Ale,5.30 %,0
1474,Revenuers Red Ale,Catawba Brewing Co. .,American Amber / Red Ale,5.20 %,427,Catawba Valley Revenuers Red Ale,Catawba Valley Brewing Company,Irish Ale,5.20 %,1
1029,Paddle Wheeler,Persimmon Hollow Brewing,American Amber / Red Ale,5.60 %,2825,Alameda Rose City Red,Alameda Brewing Co. .,Amber Ale,6.40 %,0
3769,Rochelle Rochelle,Triple Crossing Brewing,American Amber / Red Ale,5.60 %,2030,Bressene,Brasserie Grain d_Orge,Belgian Strong Ale,8 %,0
3689,Americain Amber Ale,Microbrasserie l _ ™ Hermite,American Amber / Red Ale,5.50 %,1568,Redfish Wildfire Smoked Porter,Redfish New Orleans Brewhouse,Smoked,5.60 %,0
3908,Galarneau,Gambrinus,American Amber / Red Ale,5.00 %,1405,Black Sky Daywalker,Black Sky Brewery,Imperial IPA,7.50 %,0
609,Redhawk Ale,Rockyard Brewing,American Amber / Red Ale,5.00 %,2575,Fish Tale Vicious Circle Amber Ale,Fish Brewing Company/Leavenworth Beers,Amber Ale,5 %,0
1480,Jazzfest Sugarcane And Pecan Ale,Three Notch 'd Brewing Company,American Amber / Red Ale,5.00 %,1902,Dead Frog Winter Seasonal Amber Ale,Dead Frog Brewery,Amber Ale,5 %,0
1701,Dirty Amber Ale,Dirty Bucket Brewing Co. .,American Amber / Red Ale,6.00 %,896,10 Barrel Big Black Stout,10 Barrel Brewing &#40; AB InBev &#41;,Sweet Stout,6.20 %,0
926,Agate Pass Amber,Hood Canal Brewing,American Amber / Red Ale,-,103,Lilys Reggies French River Red Ale,Lilys Seafood Restaurant & Brewery,Amber Ale,5.80 %,0
3389,Big Red Oak,Deschutes Brewery,American Amber / Red Ale,8.60 %,2150,Hop Haus Wildcat Amber,Hop Haus Brewing Company,Amber Ale,5.30 %,0
3240,Oakley 's Amber,Elk Street Brewery & Tap Room,American Amber / Red Ale,4.60 %,505,King Street Amber,King Street Brewing Company,Amber Ale,5.10 %,0
563,Amber Waves Ale,Capitol City Brewing,American Amber / Red Ale,5.40 %,1177,Capitol City Amber Waves Ale,Capitol City Brewing Company,Amber Ale,5.60 %,1
646,Oak Aged Imperial Red ( Venture Series ),Madhouse Brewing Company,American Amber / Red Ale,8.50 %,2103,Manor Hill Stone Bridge Amber,Manor Hill Brewing,Amber Ale,7.50 %,0
3640,M_S RVR Red,BarkEater Craft Brewery,American Amber / Red Ale,6.25 %,2007,Avery Barrel-Aged Series 19 - Rufus Corvus,Avery Brewing Company,Sour/Wild Ale,6.83 %,0
57,Blood Of The Unicorn,Pipeworks Brewing Company,American Amber / Red Ale,6.50 %,1664,Snake River Danimal_s Farmhouse Saison,Snake River Brewing Co. .,Saison,7 %,0
3983,Tostada,Cerveza Milana,American Amber / Red Ale,5.40 %,1871,Naked City Scarlet Street,Naked City Brewing,American Strong Ale,-,0
3906,Sandalwood Ale,Chorlton Brewing Company,American Amber / Red Ale,6.70 %,2551,Baeltane Farmer_s Flock,Baeltane Brewing,Saison,5.10 %,0
4112,Critical Hit,Ninkasi Brewing Company,American Barleywine,11.70 %,2812,Railway City Iron Spike Amber Ale,Railway City Brewing Company,Amber Ale,4.60 %,0
4030,Alaskan Barley Wine ( Pilot Series ),Alaskan Brewing Co. .,American Barleywine,10.70 %,140,Alexander Keiths Red &#40; Amber Ale &#41;,Oland Brewery &#40; AB-InBev &#41;,Amber Ale,5 %,0
3429,Aurora,Geltsdale Brewery,American Amber / Red Ale,3.90 %,2271,Brocklebank The Drunkards _ Reunion,Brocklebank Craft Brewing,Wheat Ale,-,0
2596,Brass Ale Honey Amber,Great Storm Brewing Co. .,American Amber / Red Ale,5.30 %,1305,Goat Ridge New London Amber Ale,Goat Ridge Brewing Company,Amber Ale,5.20 %,0
3093,BiÃ ¨ re Du Moulin Ambrata,Amarcord Birra Artigianale Italiana,American Amber / Red Ale,6.50 %,78,Echo Indian Red Ale,Echo Brewing Company,Irish Ale,-,0
2619,It 's Spelt Centennial,Bosque Brewing Co. .,American Amber / Red Ale,5.70 %,1462,40 Arpent Red Beans & Rice Ale,40 Arpent Brewing Company,Amber Ale,-,0
3653,Clifton Hill Dark Ale,Clifton Hill Brew Pub,American Amber / Red Ale,4.50 %,1422,Squatters Big Cottonwood,Squatters Craft Beers,Amber Ale,5.75 %,0
4195,Old Musty Barleywine,C.H. Evans Brewing Company,American Barleywine,9.50 %,2791,Trouble Brewing Amber Ale,Genesee Brewing Company &#40; North American Breweries &#41;,Amber Ale,4.70 %,0
3751,Red Galaxy Ale,Yaletown Brewing Co. .,American Amber / Red Ale,5.00 %,1090,Below Grade Super Duty Double Red Ale,Below Grade Brewing LLC,American Strong Ale,7.70 %,0
189,Elector Imperial Red Ale,New Albanian Brewing Company - Pizzeria and Public House,American Amber / Red Ale,7.00 %,22,Fulton The Libertine Imperial Red Ale - Heaven Hill Rye Whiskey Barrel Aged,Fulton Beer Company,American Strong Ale,8.50 %,0
3287,Kyoto Craft Hanamachi Amber Ale,Matsuya Kyoto Machiya Beer Brewery,American Amber / Red Ale,5.00 %,2861,18th Street Alpha Company,18th Street Brewery,Saison,8.50 %,0
3153,Indefinite Noises,The Courtyard Brewery,American Amber / Red Ale,6.20 %,2976,Central Waters Ouisconsing Red Ale,Central Waters Brewing Co. .,Amber Ale,5 %,0
802,Golden Nugget,The Defiant Brewing Company,American Amber / Red Ale,5.20 %,2275,Maldita Old Continent American Amber Ale,Faustino Microcervejeira,Amber Ale,6 %,0
3402,Red Shedman 's Imperial Amber Ale,57 Brew Pub & Bistro,American Amber / Red Ale,7.60 %,2491,Hangar 24 Barrel Roll No. 04 : Hammerhead - Bourbon Barrel Aged with Chai Tea,Hangar 24 Craft Brewery,Barley Wine,13.90 %,0
3323,NW Amber Ale,Airways Brewing Company,American Amber / Red Ale,5.10 %,851,Padre Island Tailing Red Amber,Padre Island Brewing Company,Amber Ale,-,0
2764,Willimantic Riverfest Red,Willimantic Brewing Co. .,American Amber / Red Ale,5.20 %,1423,Willimantic Riverfest Red Ale,Willimantic Brewing Company,Amber Ale,5.20 %,1
402,Winter Cheer Ale,Spanish Peaks Brewing Co. .,American Amber / Red Ale,6.30 %,102,Dragonmead Crooked Door Amber Ale,Dragonmead Brewery,Amber Ale,5 %,0
3940,Harvest Amber,Levante Brewing Company,American Amber / Red Ale,5.50 %,1405,Black Sky Daywalker,Black Sky Brewery,Imperial IPA,7.50 %,0
418,Strada S. Felice,Grado Plato,American Amber / Red Ale,8.00 %,2441,Grado Plato Strada S. Felice,Birrificio Grado Plato,Spice/Herb/Vegetable,8 %,1
549,Red Brick Ale,A1A Aleworks,American Amber / Red Ale,5.42 %,444,Fat Head_s Zest For Breasts,Fat Head_s Brewery & Saloon,Wheat Ale,5 %,0
817,Riverside Red Ale,Intuition Ale Works,American Amber / Red Ale,7.00 %,1721,3 Freaks Freaks Amber,3 Freaks Brewery,Amber Ale,7.80 %,0
3246,Buffalo Trace Bourbon Barrel Aged Amber Ale,Wolf Hills Brewing Company,American Amber / Red Ale,-,202,Firestorm Red Angel,WharfeBank,Amber Ale,5 %,0
126,Jumping Cow Amber Ale,Steinhaus Brewing Co. .,American Amber / Red Ale,5.50 %,1121,Horse Heaven Hills Mustang Red,Horse Heaven Hills Brewery,Amber Ale,-,0
2810,Peak 6,Breckenridge Brewery,American Amber / Red Ale,-,1686,Olivers Shot Down in Flames,Oliver Breweries,English Strong Ale,8 %,0
382,Deranger Imperial Red,Laurelwood Public House & Brewery,American Amber / Red Ale,8.50 %,1360,Muckish Mountain Miner_s Red,Muckish Mountain,Irish Ale,-,0
4222,Barrel Aged Devil 's Spear,18th Street Brewery,American Barleywine,-,1852,Dieu du Ciel Clef des Champs,Dieu du Ciel,Traditional Ale,5 %,0
1165,Devil 's Backbone,Kinnegar Brewing Company,American Amber / Red Ale,4.50 %,304,Alpha Golden Nugget Pale Ale,Alpha Brewing Company,American Pale Ale,5 %,0
3800,Vital Infrared Imperial Red,Vital Brewing,American Amber / Red Ale,9.40 %,2146,Vital Infrared Imperial Red,Vital Brewing,American Strong Ale,9.40 %,1
3825,Sore Amber,Intracoastal Brewing Company,American Amber / Red Ale,5.50 %,1047,Queens Head Fuggles Red Ale,Queens Head &#40; UK &#41;,Amber Ale,5.90 %,0
651,Moonrise Amber,Firefly Hollow Brewing Co. .,American Amber / Red Ale,6.30 %,2015,Ringneck Red Alert Amber,The Brew Kettle,Amber Ale,5.30 %,0
3151,Taildragger _ ™ s Tuskegee Red Tail,Saddle Mountain Brewing Company,American Amber / Red Ale,-,2391,Town Hall Twisted Reality Barleywine,Minneapolis Town Hall Brewery,Barley Wine,10.98 %,0
2976,Aggie Amber Ale,De La Vega 's Pecan Grill & Brewery,American Amber / Red Ale,5.20 %,2962,4 Brothers Blended Beer Sibling Rivalry,Sand Creek Brewing Company,Amber Ale,4.70 %,0
2032,Redhorse Ale,Angry Minnow Brewpub,American Amber / Red Ale,-,1204,Bull City / Fullsteam / Triangle CollaBEERation : Trinity,Bull City Burger and Brewery,Spice/Herb/Vegetable,6 %,0
3393,Jessica Rabbit Red Ale,Funky Buddha Brewery,American Amber / Red Ale,-,2689,Ei8ht Ball Red Drink,Ei8ht Ball Brewing,Imperial IPA,7.50 %,0
3069,Vadia Export,Cerveja Vadia,American Amber / Red Ale,8.50 %,1741,Free State The Vortex Red,Free State Brewing Company,Amber Ale,6.10 %,0
2481,Notting Hill Amber,Moncada Brewery Ltd,American Amber / Red Ale,4.70 %,192,Coombe Martin Hangmans Bitter,Combe Martin,Premium Bitter/ESB,4.50 %,0
2700,British Knight Scotch Red Ale,Oskar Blues Grill & Brew,American Amber / Red Ale,7.40 %,1380,Oskar Blues British Knight Scotch Red Ale,Oskar Blues Brewery,Scottish Ale,7.40 %,1
922,Whistle Stop Amber,Johansson 's Dining House,American Amber / Red Ale,5.30 %,2375,Bills Foggy Notion Weissbier,Bills Tavern and Brewhouse,German Hefeweizen,-,0
1160,Henry Hudson 's Bale House Ale,Big Rock Brewery,American Amber / Red Ale,9.70 %,2518,American Old Glory Barleywine,American Brewing Company,Barley Wine,10.50 %,0
4016,AleSmith Old Numbskull,AleSmith Brewing Company,American Barleywine,11.00 %,1996,Amsterdam Brewboys Hop Riot Amber Ale,De Noord-Hollandse Bierbrouwerij,Amber Ale,4.60 %,0
369,Beach House,Strand Brewing Co. .,American Amber / Red Ale,5.10 %,2479,Birra del Borgo Sedicigradi,Birra del Borgo,Barley Wine,16 %,0
2202,Foreign Affair,Carlow Brewing Company,American Amber / Red Ale,4.80 %,744,Bootjesbier,Antwerpse Brouw Compagnie,Amber Ale,7 %,0
104,Marble Red Ale,Marble Brewery,American Amber / Red Ale,6.50 %,1170,Buffys Garnet,Buffys,Premium Bitter/ESB,4.80 %,0
2548,Rocket Science Red Planet,Dennis Beer Co. .,American Amber / Red Ale,6.40 %,250,Assawoman Bay Coastal Edge Copper,Assawoman Bay Brewing Company,Amber Ale,6.04 %,0
546,Broad Brook Ale,Broad Brook Brewing Company,American Amber / Red Ale,6.10 %,2837,4 Noses The Rambler,4 Noses Brewing Company,Spice/Herb/Vegetable,5.10 %,0
122,Austin Amber Ale,Independence Brewing Co. .,American Amber / Red Ale,4.80 %,1036,Intuition Ale Works Jesses Girl,Intuition Ale Works,Abt/Quadrupel,9 %,0
37,Red Nectar,Humboldt Brewing Co. .,American Amber / Red Ale,5.40 %,1784,Solemn Oath Man vs. Internet vs. Mothra,Solemn Oath Brewery,Belgian Strong Ale,9 %,0
1211,Black Forest Grateful Red,Black Forest Brew Haus & Grill,American Amber / Red Ale,5.00 %,1100,Southern Star Red Cockaded Ale,Southern Star Brewing Company,Imperial IPA,8.50 %,0
622,Heart O ' Texas,Four Corners Brewing Company,American Amber / Red Ale,6.20 %,297,Mornington Peninsula Imperial Amber,Mornington Peninsula Brewery,American Strong Ale,7.50 %,0
2987,Red Sun,Mad Hops,American Amber / Red Ale,5.40 %,791,Sun Up Armadillo Red Ale,Sun Up Brewing Company &#40; Sonora Brewhouse &#41;,Amber Ale,5.20 %,0
1452,Johnny Octane,Panhead Custom Ales,American Amber / Red Ale,8.00 %,2106,Neath Witch Hunter,Neath,Bitter,4.20 %,0
1886,Brewlette,Iron Horse Brewery,American Amber / Red Ale,-,1380,Oskar Blues British Knight Scotch Red Ale,Oskar Blues Brewery,Scottish Ale,7.40 %,0
2600,Red October,Red Ear Brewing Company,American Amber / Red Ale,6.90 %,2862,Kroghs Alpine Glow Red Ale,Kroghs Restaurant & Brew Pub,Amber Ale,4.50 %,0
1264,The Huntsman,Barley Mow Brewing Company,American Amber / Red Ale,7.00 %,1221,Wild Ride 3 Sisters American Red Ale,Wild Ride Brewing,Amber Ale,6 %,0
2575,Mulligan,Old Soul Brewing,American Amber / Red Ale,6.20 %,1156,Bad Weather Windvane Minnesota Red Ale,Lucid Brewing Company,Amber Ale,6 %,0
3016,Stadin Red Ale,Stadin Panimo,American Amber / Red Ale,5.60 %,275,Goldstone Old Charmer,Goldstone,Golden Ale/Blond Ale,4.10 %,0
2340,Mustang Red,Horse Heaven Hills Brewery,American Amber / Red Ale,6.00 %,469,Aspen Bourbon Barrel Aged Conundrum Red Ale,Aspen Brewing Company,Amber Ale,6.50 %,0
284,Great Lakes Independence Ale,Great Lakes Brewing Co. .,American Amber / Red Ale,6.00 %,1798,Barba Roja Barrel Aged Red Ale,Barba Roja de Anapa,American Strong Ale,9 %,0
2060,Last Call,Blue Blood Brewery,American Amber / Red Ale,8.00 %,1211,Bristol Mass Transit Ale,Bristol Brewing Company,Amber Ale,5 %,0
1648,Rip Saw Red,Pints Brewing Co. .,American Amber / Red Ale,6.50 %,571,Pints Rip Saw Red,Pints Brewing Company,Amber Ale,5.90 %,1
1157,Insane Mane Red Ale,White Lion Brewing Company,American Amber / Red Ale,5.10 %,155,White Lion Insane Mane Red Ale,Ipswich Ale Brewery,Amber Ale,-,1
2378,Ace In The Hole,Barnstormer Brewing & Pizzeria,American Amber / Red Ale,5.80 %,2638,Mickey Finns Abana Amber Ale,Mickey Finns Brewery & Pub,Amber Ale,5.60 %,0
3468,Red RYEding Hood,Chapman 's Brewing Company,American Amber / Red Ale,10.00 %,1921,Chapman_s Red RYEding Hood,Chapman_s Brewing Company,Specialty Grain,10 %,1
3907,Ankerla Kolonial Red Ale,Brauerei Gasthof AnkerbrÃ $ u,American Amber / Red Ale,7.00 %,1638,Ballast Point Tongue Buckler Imperial Red Ale,Ballast Point Brewing Company,American Strong Ale,10 %,0
1460,Eldred Rock Amber,Haines Brewing Company,American Amber / Red Ale,5.00 %,412,Haines Eldred Rock Amber,Haines Brewing Co. .,Amber Ale,5 %,1
3917,Honey Basil Amber,Rude Hippo Brewing Company,American Amber / Red Ale,7.40 %,2224,Rude Hippo Honey Basil Amber,18th Street Brewery,Amber Ale,7.40 %,1
1967,MiracAle,Dry City Brew Works,American Amber / Red Ale,4.00 %,792,Equinox Borealis Winter Ale,Equinox Brewing,Belgian Ale,7 %,0
2571,Island Of Misfit Hops # 1,Medusa Brewing Company,American Amber / Red Ale,7.40 %,2531,Amicas Infinite Search,Amicas Pizza & Microbrew,Imperial Stout,12 %,0
245,American Ale,Thimble Island Brewing Company,American Amber / Red Ale,5.00 %,479,Congregation Communion Chile Red,Congregation Ales,Spice/Herb/Vegetable,6.90 %,0
3702,Rocket Fuel,Biloba Brewing Company,American Amber / Red Ale,-,794,Earth Eagle Chillaxico,Earth Eagle Brewings,Traditional Ale,5.80 %,0
1342,Harvard Honey Ale,Wigram Brewing Co,American Amber / Red Ale,6.00 %,2436,Burnt Hickory Killdozer 12 Point Buck Ale,Burnt Hickory Brewery,Barley Wine,13 %,0
2343,Redcoat Red,Third State Brewing,American Amber / Red Ale,5.50 %,1014,Milwaukee Ale House Scooter Ale,Milwaukee Ale House,Amber Ale,-,0
3181,Tokyo Ale No. 3,Tokyo Brewing Company,American Amber / Red Ale,-,253,Cambridge Red God IPA,Cambridge Brewing Company,Imperial IPA,9 %,0
476,Barnstormer Red,Blackhorse Pub & Brewery,American Amber / Red Ale,-,2199,Iechyd Da Main Drag Amber,Iechyd Da Brewing Company,Amber Ale,5.50 %,0
3634,Extra Red With Chipotle,Ritual Brewing Co. .,American Amber / Red Ale,7.20 %,1946,At Large Alibi Amber,At Large Brewing,Amber Ale,6.30 %,0
524,Segua,Costa Rica 's Craft Brewing Co. .,American Amber / Red Ale,5.00 %,2793,Champion Red Scare Imperial Stout,Champion Brewing Company,Imperial Stout,9 %,0
3909,Honey I Shrunk The Figs,Ambitious Ales,American Amber / Red Ale,6.50 %,1785,Main Seidla Amber Spezial,Brauhaus Binkert / Main Seidla,Amber Ale,5.50 %,0
3931,Weekender Amber Ale,Stilt House Brewery,American Amber / Red Ale,5.70 %,2548,Beer Works Victory Red,Beer Works,Amber Ale,5 %,0
3841,RÃ ¶ da Havet Red Ale,Eskilstuna _ lkultur,American Amber / Red Ale,5.40 %,2583,Howe Sound Three Beavers Imperial Red Ale,Howe Sound Brewing,American Strong Ale,7.50 %,0
2662,5th Anniversary Ale,Round Guys Brewing Company,American Amber / Red Ale,6.80 %,1453,1816 The Peak,1816 - Birrificio Livigno,India Pale Ale &#40; IPA &#41;,6.30 %,0
816,Pinata Protest,Freetail Brewing Company,American Amber / Red Ale,6.00 %,2731,Granville Island Swing Span Amber Ale,Granville Island &#40; Brewery - MolsonCoors &#41;,Amber Ale,5.60 %,0
4157,Fisherman 's Tea Party,Cape Ann Brewing Company,American Barleywine,9.00 %,2405,Cape Ann Fisherman_s Tea Party,Cape Ann Brewing Company,Barley Wine,9 %,1
3889,Wild Beast Amber Ale,Wild Beast Brewery,American Amber / Red Ale,6.00 %,280,Fogbelt Hyperion Red Ale,Fogbelt Brewing Company,Amber Ale,7.20 %,0
3858,Diwall AmbrÃ © e,Distillerie Warenghem,American Amber / Red Ale,6.00 %,2367,Equinox Entropycal Red IPA,Equinox Brewing,India Pale Ale &#40; IPA &#41;,6.10 %,0
890,Ballistic Brewing Co. - Gorgon Red Ale,Indian Wells Brewing Company,American Amber / Red Ale,5.50 %,2580,Ballistic Brewing Gorgon Red Ale,Indian Wells Brewing,Amber Ale,5.50 %,1
2267,Stone Liberty Station / Bridge Road Brewers Red Stone Road,Stone Brewing Co. .,American Amber / Red Ale,4.80 %,2176,Innovation Brew Works Rubottom_s Red,Innovation Brew Works,Amber Ale,5 %,0
3998,May-Bee,Dorset Brewing Company,American Amber / Red Ale,4.80 %,1727,George Killian_s Irish Red,Coors Brewing Company &#40; MillerCoors &#41;,Amber Lager/Vienna,4.90 %,0
2326,Experiment # 1001-B4,Living The Dream Brewing Co. .,American Amber / Red Ale,6.20 %,2076,Deep Creek Little Armoured One,Deep Creek Brewing Co,Amber Ale,5.70 %,0
2759,Rampart Red,Refuge Brewery,American Amber / Red Ale,6.20 %,2468,Walking Man Bourbon Barrel Old Stumblefoot,Walking Man Brewing,Barley Wine,13 %,0
567,Red Thistle Ale,Golden Valley Brewery and Pub,American Amber / Red Ale,5.40 %,1314,Great Storm Brass Ale Honey Amber,Great Storm Brewing,Amber Ale,6.30 %,0
1798,Sugar Wood,SoMe Brewing Company,American Amber / Red Ale,5.50 %,652,Acoustic Rock Steady Red Cider,Acoustic Brewing Company,Cider,6 %,0
2689,Hearthstone Red Rye Ale,Hearthstone Brewery,American Amber / Red Ale,5.00 %,1373,Hearthstone Red Rye Ale,Hearthstone Brewery,Specialty Grain,5 %,1
2673,Miner 's Red,Placerville Brewing Co. .,American Amber / Red Ale,-,63,Marble Imperial Red Ale,Marble Brewery,American Strong Ale,9 %,0
480,Copperhead Amber Ale,Yalobusha Brewing Company,American Amber / Red Ale,5.65 %,2576,Yalobusha Copperhead Amber Ale,Yalobusha Brewing Company,Amber Ale,5.60 %,1
1771,Wait For It !,Brouwerij De Molen,American Amber / Red Ale,5.50 %,658,Northport Morazon Amber,Northport Brewing,Amber Ale,5.50 %,0
3252,Santa 's Sack,The Funky Bow Brewery & Beer Company,American Amber / Red Ale,9.00 %,2135,Blackwater Art Deco,Salopian,Golden Ale/Blond Ale,4.20 %,0
192,Red Mo Ale,Otto 's Pub and Brewery,American Amber / Red Ale,5.00 %,630,Modernist Stockholm Syndrome,Modernist Brewery,Amber Ale,6 %,0
3383,HOPe Bohemic,HOPe Artesana,American Amber / Red Ale,6.00 %,2902,Rip Current Raked Over Red,Rip Current Brewing,Amber Ale,7 %,0
3460,Starshine Ginger Bier,Big Island Brewhaus & Tako Taco Taqueria,American Amber / Red Ale,4.25 %,1824,10 Barrel Frosty_s Revenge,10 Barrel Brewing &#40; AB InBev &#41;,Belgian Strong Ale,7 %,0
2687,Maltz & Waltz,De Garve,American Amber / Red Ale,5.00 %,2710,Dark Horse Amber Ale,Dark Horse Brewing Company,Amber Ale,5.50 %,0
1603,Swan Lake Amber Ale,Hyouko Yashiki No Mori Brewery,American Amber / Red Ale,5.00 %,1995,Charlevoix CuvÃ © e Les Petits Brasseurs,Microbrasserie Charlevoix / Le Saint Pub,Amber Ale,5.20 %,0
215,Kona Brown,Perrin Brewery,American Amber / Red Ale,5.50 %,1714,Flying Fish Pescade Rojo Grande,Flying Fish Brewing Company,American Strong Ale,9 %,0
617,Hellion,TRVE Brewing Co. .,American Amber / Red Ale,3.50 %,2219,Catawba Valley REDiculous Red IPA,Catawba Valley Brewing Company,India Pale Ale &#40; IPA &#41;,6 %,0
2308,880 Red Ale,Escape Brewing Company,American Amber / Red Ale,-,2306,East End Gratitude,East End Brewing Company,Barley Wine,11.50 %,0
3039,Notting Hill Red,Moncada Brewery Ltd,American Amber / Red Ale,6.00 %,1027,Beaver Island Fabulous Armadillo Session IPA,Beaver Island Brewing Company,Session IPA,4.70 %,0
2483,Legendary Amber,Pigskin Brewing Company,American Amber / Red Ale,-,1384,Broadhead The Amarillo Chainsaw Massacre,Broadhead Brewing Company,India Pale Ale &#40; IPA &#41;,5 %,0
2726,Road Rider,Oblivion Brewing Co. .,American Amber / Red Ale,5.90 %,51,RJ King Wingwalker Winter Brew &#40; -2007 &#41;,City Brewery &#40; Melanie Brewing Co &#41;,Amber Ale,-,0
2214,Heart & Sole,ShuBrew,American Amber / Red Ale,-,1937,Indianapolis Duesseldorfer Amber Ale,Indianapolis Brewing Co. .,Amber Ale,-,0
1383,Nestor Grade,Castle Danger Brewery,American Amber / Red Ale,7.00 %,1105,Wensky Saci American Amber Ale,Wensky Beer,Amber Ale,5.10 %,0
1039,Side Car,Sierra Nevada Brewing Co. .,American Amber / Red Ale,5.60 %,1255,Ballast Point Tongue Buckler Imperial Red Ale - Bourbon Barrel Aged,Ballast Point Brewing Company,American Strong Ale,10 %,0
2580,Firefall Red,Tioga-Sequoia Brewing Company,American Amber / Red Ale,5.50 %,2412,Cahaba Liquidambar Amber Ale,Cahaba Brewing Company,Amber Ale,5.50 %,0
1064,Sixth Anniversary Imperial Red,Freetail Brewing Company,American Amber / Red Ale,6.60 %,2229,Buxton Red Point IPA,Buxton,Amber Ale,7.50 %,0
1905,Atomic Amber : Honey Hypothesis,Empirical Brewery,American Amber / Red Ale,6.80 %,637,Fulton MPLS Mild - Charred Cherrywood,Fulton Beer Company,Mild Ale,4 %,0
2331,Schwag,Gravity Brewing,American Amber / Red Ale,4.80 %,2999,Point Ybel Sanibel Red Island Ale,Point Ybel Brewing Company,Irish Ale,5.60 %,0
2770,Road Rash Red,Tandem Brewing Company,American Amber / Red Ale,6.00 %,507,WAB Custom Blonde,Woodward Avenue Brewers,Pale Lager,5 %,0
2452,Point Reyes Amber,MalmÃ ¶ Brewing Co,American Amber / Red Ale,4.90 %,749,El Toro Black Raspberry Ale,El Toro Brewing Co. .,Fruit Beer,4 %,0
2131,AmbrÃ © e-BiÃ ¨ re De Saint Louis,BiÃ ¨ res De Saint-Louis,American Amber / Red Ale,5.80 %,2174,21st Amendment Bitter American,Cold Spring Brewery,Session IPA,4.40 %,0
3751,Red Galaxy Ale,Yaletown Brewing Co. .,American Amber / Red Ale,5.00 %,156,Elk Rock Velvet Antler Amber Ale,Portland Brewing Company &#40; Pyramid - North American Breweries &#41;,Amber Ale,4 %,0
1358,501 Red Ale,Sweet Mullets Brewing Co. .,American Amber / Red Ale,5.50 %,1407,Chapelle NorthmÃ ¦ n AmbrÃ © e,la Chapelle,BiÃ ¨ re de Garde,5 %,0
3654,Miss Scarlett,Salty Nut Brewery,American Amber / Red Ale,7.00 %,476,Northampton Clifford,Northampton Brewery &#40; MA &#41;,Amber Ale,5.40 %,0
